<?xml version="1.0" encoding="utf-8"?>
<rss version="2.0">
    <channel>
        <title>News (hi) - WellKnownMCP</title>
        <link>https://wellknownmcp.org/hi/news/</link>
        <description>Agentic Web News</description>
        <lastBuildDate>Sun, 08 Jun 2025 13:17:08 GMT</lastBuildDate>
        <docs>https://validator.w3.org/feed/docs/rss2.html</docs>
        <generator>https://github.com/jpmonette/feed</generator>
        <language>hi</language>
        <copyright>© 2025 WellKnownMCP</copyright>
        <item>
            <title><![CDATA[एजेंटिक वेब के लिए होमोमोर्फिक कैप्सूल की ओर]]></title>
            <link>https://wellknownmcp.org/hi/news/homomorphic-capsules</link>
            <guid isPermaLink="false">https://wellknownmcp.org/hi/news/homomorphic-capsules</guid>
            <pubDate>Fri, 06 Jun 2025 00:00:00 GMT</pubDate>
            <description><![CDATA[ `.llmfeed.json` फ़ीड के संभावित विस्तार का अन्वेषण, जो गोपनीयता-संरक्षित और सत्यापित एजेंट पाइपलाइन को सक्षम करता है — यह दृष्टि होमोमोर्फिक एन्क्रिप्शन अनुसंधान की अग्रिम पंक्ति के साथ मेल खाती है।]]></description>
        </item>
        <item>
            <title><![CDATA[WellKnownMCP के बारे में]]></title>
            <link>https://wellknownmcp.org/hi/news/about</link>
            <guid isPermaLink="false">https://wellknownmcp.org/hi/news/about</guid>
            <pubDate>Wed, 07 May 2025 00:00:00 GMT</pubDate>
            <description><![CDATA[WellKnownMCP पहल, उसके उद्देश्य और महत्व का एक संक्षिप्त अवलोकन।]]></description>
        </item>
        <item>
            <title><![CDATA[शुरुआत कहाँ से करें]]></title>
            <link>https://wellknownmcp.org/hi/news/begin</link>
            <guid isPermaLink="false">https://wellknownmcp.org/hi/news/begin</guid>
            <pubDate>Wed, 07 May 2025 00:00:00 GMT</pubDate>
            <description><![CDATA[मानक को समझने और अपनी पहली शुरुआत करने में आपकी मदद करने के लिए एक सरल मार्गदर्शिका।]]></description>
        </item>
        <item>
            <title><![CDATA[नैतिकता और उत्तरदायित्व]]></title>
            <link>https://wellknownmcp.org/hi/news/ethics</link>
            <guid isPermaLink="false">https://wellknownmcp.org/hi/news/ethics</guid>
            <pubDate>Wed, 07 May 2025 00:00:00 GMT</pubDate>
            <description><![CDATA[MCP तकनीक के नैतिक मानकों और जिम्मेदार उपयोग के प्रति हमारी प्रतिबद्धता।]]></description>
        </item>
        <item>
            <title><![CDATA[अक्सर पूछे जाने वाले प्रश्न]]></title>
            <link>https://wellknownmcp.org/hi/news/faq</link>
            <guid isPermaLink="false">https://wellknownmcp.org/hi/news/faq</guid>
            <pubDate>Wed, 07 May 2025 00:00:00 GMT</pubDate>
            <description><![CDATA[LLMFeed और MCP के बारे में अक्सर पूछे गए प्रश्नों के उत्तर।]]></description>
        </item>
        <item>
            <title><![CDATA[लॉन्च]]></title>
            <link>https://wellknownmcp.org/hi/news/launch</link>
            <guid isPermaLink="false">https://wellknownmcp.org/hi/news/launch</guid>
            <pubDate>Wed, 07 May 2025 00:00:00 GMT</pubDate>
            <description><![CDATA[जब आप अपना LLMFeed प्रकाशित करते हैं तो आगे क्या होता है। मानक को समझने और अपनी पहली शुरुआत करने में आपकी मदद करने के लिए एक सरल मार्गदर्शिका।]]></description>
        </item>
        <item>
            <title><![CDATA[ब्लॉक संरचना]]></title>
            <link>https://wellknownmcp.org/hi/news/llmfeed-block-structure</link>
            <guid isPermaLink="false">https://wellknownmcp.org/hi/news/llmfeed-block-structure</guid>
            <pubDate>Wed, 07 May 2025 00:00:00 GMT</pubDate>
            <description><![CDATA[llmfeed.json की संरचना: उपलब्ध ब्लॉकों की सूची और उनका उद्देश्य।': 'मानक को समझने और अपनी पहली शुरुआत करने में आपकी मदद करने के लिए एक सरल मार्गदर्शिका।]]></description>
        </item>
        <item>
            <title><![CDATA[घोषणापत्र]]></title>
            <link>https://wellknownmcp.org/hi/news/manifesto</link>
            <guid isPermaLink="false">https://wellknownmcp.org/hi/news/manifesto</guid>
            <pubDate>Wed, 07 May 2025 00:00:00 GMT</pubDate>
            <description><![CDATA[हमारा दृष्टिकोण — हमने LLMFeed और MCP क्यों बनाया।': 'मानक को समझने और अपनी पहली शुरुआत करने में आपकी मदद करने के लिए एक सरल मार्गदर्शिका।]]></description>
        </item>
        <item>
            <title><![CDATA[MCP क्यों?]]></title>
            <link>https://wellknownmcp.org/hi/news/why-mcp</link>
            <guid isPermaLink="false">https://wellknownmcp.org/hi/news/why-mcp</guid>
            <pubDate>Wed, 07 May 2025 00:00:00 GMT</pubDate>
            <description><![CDATA[Model Context Protocol (MCP) मानक को अपनाने के कारणों की व्याख्या।]]></description>
        </item>
    </channel>
</rss>