<?xml version="1.0" encoding="utf-8"?>
<rss version="2.0">
    <channel>
        <title>News (fr) - WellKnownMCP</title>
        <link>https://wellknownmcp.org/fr/news/</link>
        <description>Agentic Web News</description>
        <lastBuildDate>Sun, 08 Jun 2025 13:17:08 GMT</lastBuildDate>
        <docs>https://validator.w3.org/feed/docs/rss2.html</docs>
        <generator>https://github.com/jpmonette/feed</generator>
        <language>fr</language>
        <copyright>© 2025 WellKnownMCP</copyright>
        <item>
            <title><![CDATA[🤖 Pourquoi les agents IA français devraient parler LLMFeed nativement]]></title>
            <link>https://wellknownmcp.org/fr/news/agents-llmfeed-future</link>
            <guid isPermaLink="false">https://wellknownmcp.org/fr/news/agents-llmfeed-future</guid>
            <pubDate>Thu, 26 Jun 2025 00:00:00 GMT</pubDate>
            <description><![CDATA[Vers une génération d'agents IA compatibles avec les standards LLMFeed pour un web agentique.]]></description>
        </item>
        <item>
            <title><![CDATA[🏫 Grandes écoles face au défi de la certification IA]]></title>
            <link>https://wellknownmcp.org/fr/news/education-ai-certification</link>
            <guid isPermaLink="false">https://wellknownmcp.org/fr/news/education-ai-certification</guid>
            <pubDate>Sun, 22 Jun 2025 00:00:00 GMT</pubDate>
            <description><![CDATA[Comment les grandes écoles françaises peuvent préparer les futurs experts aux standards IA comme LLMFeed.]]></description>
        </item>
        <item>
            <title><![CDATA[🔗 Construire un écosystème LLMFeed-compatible en France]]></title>
            <link>https://wellknownmcp.org/fr/news/ecosysteme-llmfeed-france</link>
            <guid isPermaLink="false">https://wellknownmcp.org/fr/news/ecosysteme-llmfeed-france</guid>
            <pubDate>Wed, 18 Jun 2025 00:00:00 GMT</pubDate>
            <description><![CDATA[Appel aux acteurs du numérique pour construire un écosystème LLMFeed-compatible souverain.]]></description>
        </item>
        <item>
            <title><![CDATA[🧪 Le Défi Agent IA 2025 : Quels LLM Peuvent Vraiment Construire le Web Agentique ?]]></title>
            <link>https://wellknownmcp.org/fr/news/llm-agent-readiness-framework-2025</link>
            <guid isPermaLink="false">https://wellknownmcp.org/fr/news/llm-agent-readiness-framework-2025</guid>
            <pubDate>Sun, 15 Jun 2025 00:00:00 GMT</pubDate>
            <description><![CDATA[Framework exclusif révélant quels modèles IA peuvent gérer des flux agents structurés et signés. Nous exposons le gap d'implémentation MCP entre chat et vraie autonomie — et proposons le standard de test que l'industrie doit adopter.]]></description>
        </item>
        <item>
            <title><![CDATA[🚀 Startups IA : comment adopter LLMFeed pour booster la confiance ?]]></title>
            <link>https://wellknownmcp.org/fr/news/startups-llmfeed-trust</link>
            <guid isPermaLink="false">https://wellknownmcp.org/fr/news/startups-llmfeed-trust</guid>
            <pubDate>Sun, 15 Jun 2025 00:00:00 GMT</pubDate>
            <description><![CDATA[Guide pratique pour les startups françaises souhaitant adopter LLMFeed pour plus de transparence.]]></description>
        </item>
        <item>
            <title><![CDATA[🔐 La souveraineté numérique passe par la traçabilité des contenus IA]]></title>
            <link>https://wellknownmcp.org/fr/news/sovereignty-traceability-ai</link>
            <guid isPermaLink="false">https://wellknownmcp.org/fr/news/sovereignty-traceability-ai</guid>
            <pubDate>Thu, 12 Jun 2025 00:00:00 GMT</pubDate>
            <description><![CDATA[Pourquoi la traçabilité via LLMFeed est essentielle pour une souveraineté numérique européenne.]]></description>
        </item>
        <item>
            <title><![CDATA[🔬 Analyse Technique Exhaustive : LLMFeed/MCP et l'Évolution du Web Agentique]]></title>
            <link>https://wellknownmcp.org/fr/news/claude-mcp-agentic-web</link>
            <guid isPermaLink="false">https://wellknownmcp.org/fr/news/claude-mcp-agentic-web</guid>
            <pubDate>Mon, 09 Jun 2025 00:00:00 GMT</pubDate>
        </item>
        <item>
            <title><![CDATA[🔬 De MCP à LLMFeed : pourquoi nous avons créé une nouvelle spécification]]></title>
            <link>https://wellknownmcp.org/fr/news/from-mcp-to-llmfeed-manifesto</link>
            <guid isPermaLink="false">https://wellknownmcp.org/fr/news/from-mcp-to-llmfeed-manifesto</guid>
            <pubDate>Mon, 09 Jun 2025 00:00:00 GMT</pubDate>
            <description><![CDATA[Le manifeste de l'équipe wellknownmcp  vision du web agentique, évolution du MCP, et pourquoi la confiance change tout.]]></description>
        </item>
        <item>
            <title><![CDATA[🌐 Mistral AI, champion français : quelle compatibilité avec LLMFeed ?]]></title>
            <link>https://wellknownmcp.org/fr/news/mistral-llmfeed-compatibility</link>
            <guid isPermaLink="false">https://wellknownmcp.org/fr/news/mistral-llmfeed-compatibility</guid>
            <pubDate>Mon, 09 Jun 2025 00:00:00 GMT</pubDate>
            <description><![CDATA[Analyse de la compatibilité entre les modèles open source de Mistral AI et les standards LLMFeed.]]></description>
        </item>
        <item>
            <title><![CDATA[🔖 Certification des modèles IA : le chainon manquant du AI Act ?]]></title>
            <link>https://wellknownmcp.org/fr/news/certification-ai-act-gap</link>
            <guid isPermaLink="false">https://wellknownmcp.org/fr/news/certification-ai-act-gap</guid>
            <pubDate>Sat, 07 Jun 2025 00:00:00 GMT</pubDate>
            <description><![CDATA[Le AI Act européen impose des exigences strictes. LLMFeed et la certification apportent des réponses clés.]]></description>
        </item>
        <item>
            <title><![CDATA[Pourquoi la France a besoin de standards ouverts pour l'IA]]></title>
            <link>https://wellknownmcp.org/fr/news/france-open-standards-ai</link>
            <guid isPermaLink="false">https://wellknownmcp.org/fr/news/france-open-standards-ai</guid>
            <pubDate>Thu, 05 Jun 2025 00:00:00 GMT</pubDate>
            <description><![CDATA[Dans un contexte de souveraineté numérique, les standards comme LLMFeed sont clés pour l'écosystème IA français. Explications.]]></description>
        </item>
        <item>
            <title><![CDATA[Rendre votre site agent-friendly avec llmfeed.json]]></title>
            <link>https://wellknownmcp.org/fr/news/how-to-make-your-site-agent-friendly</link>
            <guid isPermaLink="false">https://wellknownmcp.org/fr/news/how-to-make-your-site-agent-friendly</guid>
            <pubDate>Thu, 05 Jun 2025 00:00:00 GMT</pubDate>
            <description><![CDATA[Un guide pratique pour exposer des llmfeed.json de confiance — pour aider les agents IA et LLMs à comprendre, utiliser et valoriser votre contenu.]]></description>
        </item>
        <item>
            <title><![CDATA[Vers des Capsules Homomorphiques pour le Web Agentique]]></title>
            <link>https://wellknownmcp.org/fr/news/homomorphic-capsules</link>
            <guid isPermaLink="false">https://wellknownmcp.org/fr/news/homomorphic-capsules</guid>
            <pubDate>Sat, 31 May 2025 00:00:00 GMT</pubDate>
            <description><![CDATA[Explorer une extension potentielle des feeds `.llmfeed.json` pour permettre des pipelines vérifiables et préservant la vie privée — une vision alignée avec les avancées de la recherche en chiffrement homomorphe.]]></description>
        </item>
        <item>
            <title><![CDATA[Par où commencer]]></title>
            <link>https://wellknownmcp.org/fr/news/begin</link>
            <guid isPermaLink="false">https://wellknownmcp.org/fr/news/begin</guid>
            <pubDate>Wed, 21 May 2025 00:00:00 GMT</pubDate>
            <description><![CDATA[Un guide simple pour comprendre la norme et faire vos premiers pas.]]></description>
        </item>
        <item>
            <title><![CDATA[FAQ – MCP et LLMFeed]]></title>
            <link>https://wellknownmcp.org/fr/news/faq</link>
            <guid isPermaLink="false">https://wellknownmcp.org/fr/news/faq</guid>
            <pubDate>Wed, 21 May 2025 00:00:00 GMT</pubDate>
            <description><![CDATA[Réponses aux questions fréquentes sur le protocole MCP et l’écosystème LLMFeed, y compris ses différences avec le MCP d’Anthropic.]]></description>
        </item>
        <item>
            <title><![CDATA[Annonce de lancement]]></title>
            <link>https://wellknownmcp.org/fr/news/launch</link>
            <guid isPermaLink="false">https://wellknownmcp.org/fr/news/launch</guid>
            <pubDate>Wed, 21 May 2025 00:00:00 GMT</pubDate>
            <description><![CDATA[Annonce du lancement de l’initiative WellKnownMCP et de son site officiel.]]></description>
        </item>
        <item>
            <title><![CDATA[Anatomie d’un LLMFeed — Bloc par bloc]]></title>
            <link>https://wellknownmcp.org/fr/news/llmfeed-block-structure</link>
            <guid isPermaLink="false">https://wellknownmcp.org/fr/news/llmfeed-block-structure</guid>
            <pubDate>Wed, 21 May 2025 00:00:00 GMT</pubDate>
            <description><![CDATA[Comprendre comment chaque bloc d’un .llmfeed.json fonctionne et comment concevoir votre propre flux.]]></description>
        </item>
        <item>
            <title><![CDATA[Notre Manifeste]]></title>
            <link>https://wellknownmcp.org/fr/news/manifesto</link>
            <guid isPermaLink="false">https://wellknownmcp.org/fr/news/manifesto</guid>
            <pubDate>Wed, 21 May 2025 00:00:00 GMT</pubDate>
            <description><![CDATA[La vision, les valeurs et les engagements éthiques derrière la norme WellKnownMCP.]]></description>
        </item>
        <item>
            <title><![CDATA[Que peut-on construire avec MCP ? Cas d’usage concrets]]></title>
            <link>https://wellknownmcp.org/fr/news/use-cases-mcp</link>
            <guid isPermaLink="false">https://wellknownmcp.org/fr/news/use-cases-mcp</guid>
            <pubDate>Wed, 21 May 2025 00:00:00 GMT</pubDate>
            <description><![CDATA[De la santé au SaaS, voici des exemples concrets d’utilisation de MCP et LLMFeed.]]></description>
        </item>
        <item>
            <title><![CDATA[À propos de WellKnownMCP]]></title>
            <link>https://wellknownmcp.org/fr/news/about</link>
            <guid isPermaLink="false">https://wellknownmcp.org/fr/news/about</guid>
            <pubDate>Wed, 07 May 2025 00:00:00 GMT</pubDate>
            <description><![CDATA[Un aperçu de l'initiative WellKnownMCP, de son objectif et de ses finalités.]]></description>
        </item>
        <item>
            <title><![CDATA[Pourquoi MCP ?]]></title>
            <link>https://wellknownmcp.org/fr/news/why-mcp</link>
            <guid isPermaLink="false">https://wellknownmcp.org/fr/news/why-mcp</guid>
            <pubDate>Wed, 07 May 2025 00:00:00 GMT</pubDate>
            <description><![CDATA[Expliquer les raisons qui motivent l’adoption du standard Model Context Protocol (MCP).]]></description>
        </item>
        <item>
            <title><![CDATA[🏥 France-Care : L'Assistant Médical Vocal qui Révolutionne l'Accès aux Soins]]></title>
            <link>https://wellknownmcp.org/fr/news/france-care-mcp-etude-cas</link>
            <guid isPermaLink="false">https://wellknownmcp.org/fr/news/france-care-mcp-etude-cas</guid>
            <pubDate>Thu, 16 Jan 2025 00:00:00 GMT</pubDate>
            <description><![CDATA[Étude de cas complète : comment France-Care utilise MCP pour transformer n'importe quel agent IA en assistant médical capable de comprendre, qualifier et orienter automatiquement vers un conseiller humain — tout en respectant les contraintes HDS et de privacy les plus strictes.]]></description>
        </item>
    </channel>
</rss>